entity:twoVM_full_id	SeriesInstanceUIDs	idc-version	n_series	sum_voxels	sum_slices	sum_size_MB	max_slices
1	"{""SeriesInstanceUIDs"": [""1.3.6.1.4.1.14519.5.2.1.182053375535223281219665879084232148666"", ""1.3.6.1.4.1.14519.5.2.1.293699020387085267782351874754622727559"", ""1.3.6.1.4.1.14519.5.2.1.206132222017587597380527114062"", ""1.3.6.1.4.1.14519.5.2.1.291904156417670926424332991547"", ""1.3.6.1.4.1.14519.5.2.1.207529392888153749370467626290"", ""1.3.6.1.4.1.14519.5.2.1.135562030057268461559471785188279370531""]}"	v24	6	289860096	1085	583.8	390
2	"{""SeriesInstanceUIDs"": [""1.3.6.1.4.1.14519.5.2.1.704432779593646761450448307781"", ""1.3.6.1.4.1.14519.5.2.1.771037570308862903081195193528"", ""1.3.6.1.4.1.14519.5.2.1.131221935280359966846645070066322409361"", ""1.3.6.1.4.1.14519.5.2.1.219780149937484018786052626400260268597"", ""1.3.6.1.4.1.14519.5.2.1.185674920625679305778890858709931210028"", ""1.3.6.1.4.1.14519.5.2.1.165828182752454381717001673743242691069""]}"	v24	6	308474880	1127	621.2	500
3	"{""SeriesInstanceUIDs"": [""1.3.6.1.4.1.14519.5.2.1.295718531745935467366492026634325737304"", ""1.3.6.1.4.1.14519.5.2.1.6676472749288476603505273342764306822"", ""1.3.6.1.4.1.14519.5.2.1.247080209481652659061118527374693271578"", ""1.3.6.1.4.1.14519.5.2.1.82890836138007198540879946765069017102"", ""1.3.6.1.4.1.14519.5.2.1.52655907759208830284849554783379643555"", ""1.3.6.1.4.1.14519.5.2.1.234384706325066261242547928049590677393"", ""1.3.6.1.4.1.14519.5.2.1.1.467427440346195067603633675688220656"", ""1.3.6.1.4.1.14519.5.2.1.75450567281312099628746145208720022737"", ""1.3.6.1.4.1.14519.5.2.1.249070004557484237979206638500626907314"", ""1.3.6.1.4.1.14519.5.2.1.1.12806298532161067152453685719136600641""]}"	v24	10	293863424	1121	591.6	293
4	"{""SeriesInstanceUIDs"": [""1.3.6.1.4.1.14519.5.2.1.146185239091765629167359837887358975678"", ""1.3.6.1.4.1.14519.5.2.1.1.68487354309659022488402692572200841228""]}"	v24	2	300679168	1147	605.4	1051
5	"{""SeriesInstanceUIDs"": [""1.3.6.1.4.1.14519.5.2.1.268712947673756107681041529001726454584"", ""1.3.6.1.4.1.14519.5.2.1.187372478388676370525902362034839455784"", ""1.3.6.1.4.1.14519.5.2.1.1.47662723912602613393697952100069653227"", ""1.3.6.1.4.1.14519.5.2.1.213816576452496051283624170434775613603"", ""1.3.6.1.4.1.14519.5.2.1.1.19665767396392545884461689144362221565"", ""1.3.6.1.4.1.14519.5.2.1.1.18562269340124619489944625880136005061"", ""1.3.6.1.4.1.14519.5.2.1.1.13803364538410406804553563678994858882""]}"	v24	7	299979776	805	602.9	215
6	"{""SeriesInstanceUIDs"": [""1.3.6.1.4.1.14519.5.2.1.278790374218624579953736826134057027726"", ""1.3.6.1.4.1.14519.5.2.1.6965894308841522017435612740021647758"", ""1.3.6.1.4.1.14519.5.2.1.304152501256887658127381509112473116187"", ""1.3.6.1.4.1.14519.5.2.1.1.10695873016694024397278227916285667849"", ""1.3.6.1.4.1.14519.5.2.1.1.25044230169331718516108876293862457118"", ""1.3.6.1.4.1.14519.5.2.1.1.25856928799599832585965686026547162491"", ""1.3.6.1.4.1.14519.5.2.1.1.31948448674117793687201744945713725807"", ""1.3.6.1.4.1.14519.5.2.1.1.24680555497669404707005894523260145166"", ""1.3.6.1.4.1.14519.5.2.1.1.99402651704794471697709996108996943502"", ""1.3.6.1.4.1.14519.5.2.1.262721560705999494002005648645608369423"", ""1.3.6.1.4.1.14519.5.2.1.218024596582812253057759238984542120121""]}"	v24	11	292200448	1082	588.0	250
7	"{""SeriesInstanceUIDs"": [""1.3.6.1.4.1.14519.5.2.1.1.32369454397147530876400286759945986446"", ""1.3.6.1.4.1.14519.5.2.1.1.18190510632876402766248310574788840262"", ""1.3.6.1.4.1.14519.5.2.1.133464719188199553918534011339230923473"", ""1.3.6.1.4.1.14519.5.2.1.32607543040381974426115313596653403"", ""1.3.6.1.4.1.14519.5.2.1.1.15175088659522817380104241607557655727""]}"	v24	5	223350784	700	449.0	248
8	"{""SeriesInstanceUIDs"": [""1.3.6.1.4.1.14519.5.2.1.213166996321878347507129577232312317020"", ""1.3.6.1.4.1.14519.5.2.1.217442038345962701274861357875206615239"", ""1.3.6.1.4.1.14519.5.2.1.1.15533872509112037615231283348807391858"", ""1.3.6.1.4.1.14519.5.2.1.1.10817705948882187705077267040835200005"", ""1.3.6.1.4.1.14519.5.2.1.1.30395750260700737393370468842062240608"", ""1.3.6.1.4.1.14519.5.2.1.1.11328665123112866207666599234752512573"", ""1.3.6.1.4.1.14519.5.2.1.1.26990946688443333435836546219063083484"", ""1.3.6.1.4.1.14519.5.2.1.1.33520193330513133528966521353461445142""]}"	v24	8	304220160	1152	612.3	359
9	"{""SeriesInstanceUIDs"": [""1.3.6.1.4.1.14519.5.2.1.23955107446949877868355274913049478403"", ""1.3.6.1.4.1.14519.5.2.1.281418205285536777819827415820306910039"", ""1.3.6.1.4.1.14519.5.2.1.58399395088918390180963795827645265321"", ""1.3.6.1.4.1.14519.5.2.1.222015997290709292633854312065994213327"", ""1.3.6.1.4.1.14519.5.2.1.17317882671069513381680477395439322262"", ""1.3.6.1.4.1.14519.5.2.1.78280871658359139518420924399070798454"", ""1.3.6.1.4.1.14519.5.2.1.202855259230748304188980642097494807818"", ""1.3.6.1.4.1.14519.5.2.1.176605978273678738053099418042930036630"", ""1.3.6.1.4.1.14519.5.2.1.294067628036042832431059243696111888870"", ""1.3.6.1.4.1.14519.5.2.1.77941962933021237045057308495803852322"", ""1.3.6.1.4.1.14519.5.2.1.1.13576462258396179626107943463646872548"", ""1.3.6.1.4.1.14519.5.2.1.1.21193965114188929273739694815826241303""]}"	v24	12	291554496	1011	586.3	126
10	"{""SeriesInstanceUIDs"": [""1.3.6.1.4.1.14519.5.2.1.1.30997972409152510840827951981998790422"", ""1.3.6.1.4.1.14519.5.2.1.1.16658507248646521418856146512410033763"", ""1.3.6.1.4.1.14519.5.2.1.1.32812914514580144030350215225415143035"", ""1.3.6.1.4.1.14519.5.2.1.1.22552653831825386454741110957868357483"", ""1.3.6.1.4.1.14519.5.2.1.1.24845685710758411731049743894641913176"", ""1.3.6.1.4.1.14519.5.2.1.1.12842405816435630375460244909913826480"", ""1.3.6.1.4.1.14519.5.2.1.261711760984157619455676858948632221470""]}"	v24	7	165465088	607	333.3	112
11	"{""SeriesInstanceUIDs"": [""1.3.6.1.4.1.14519.5.2.1.103255590739877061878980870666899074818"", ""1.3.6.1.4.1.14519.5.2.1.258768307337784439167476774224944366521"", ""1.3.6.1.4.1.14519.5.2.1.215413952706064272732851467916989250597"", ""1.3.6.1.4.1.14519.5.2.1.187777961584623650891712203022527599845""]}"	v24	4	292814848	1117	588.6	704
12	"{""SeriesInstanceUIDs"": [""1.3.6.1.4.1.14519.5.2.1.112678838274406619494214520679829257068"", ""1.3.6.1.4.1.14519.5.2.1.1.17083901482397162531348959331745032893"", ""1.3.6.1.4.1.14519.5.2.1.1.32088189862789506707968558004303915476"", ""1.3.6.1.4.1.14519.5.2.1.243756025044047204534735432443855526452"", ""1.3.6.1.4.1.14519.5.2.1.318080636123296222034478215069054625192"", ""1.3.6.1.4.1.14519.5.2.1.307314824084878387422998346484"", ""1.3.6.1.4.1.14519.5.2.1.7547620309298109523681252766375779481"", ""1.3.6.1.4.1.14519.5.2.1.194558602208884452408236958967501085888""]}"	v24	8	292908032	869	588.7	184
13	"{""SeriesInstanceUIDs"": [""1.3.6.1.4.1.14519.5.2.1.122919780425121062137114358503290274963"", ""1.3.6.1.4.1.14519.5.2.1.196869859146688272434927886073410599654"", ""1.3.6.1.4.1.14519.5.2.1.318805934374190041095208793568297792978"", ""1.3.6.1.4.1.14519.5.2.1.220655828044519999271394692927939229335"", ""1.3.6.1.4.1.14519.5.2.1.14092653536187608098504080065423397500""]}"	v24	5	297314816	1086	598.8	777
14	"{""SeriesInstanceUIDs"": [""1.3.6.1.4.1.14519.5.2.1.339949878105121365044437708339439207004"", ""1.3.6.1.4.1.14519.5.2.1.1.83636738456965736762808445584251636990"", ""1.3.6.1.4.1.14519.5.2.1.1.23694411954202714632987878395617350913"", ""1.3.6.1.4.1.14519.5.2.1.95764189420172242713483372877044880191"", ""1.3.6.1.4.1.14519.5.2.1.257840686411526327286486672964459599240""]}"	v24	5	291966976	1020	587.3	319
15	"{""SeriesInstanceUIDs"": [""1.3.6.1.4.1.14519.5.2.1.1.43509811384677413449362719288416820697"", ""1.3.6.1.4.1.14519.5.2.1.9174273444782093753910748748700824185"", ""1.3.6.1.4.1.14519.5.2.1.85307384467135348763089000751092224645"", ""1.3.6.1.4.1.14519.5.2.1.240620774653464935712777158418490101921"", ""1.3.6.1.4.1.14519.5.2.1.306855052429267931657485421144564531864""]}"	v24	5	278824960	985	561.2	416
16	"{""SeriesInstanceUIDs"": [""1.3.6.1.4.1.14519.5.2.1.93115600544116865353835237214156427572"", ""1.3.6.1.4.1.14519.5.2.1.234675230338164863796545288863466128635"", ""1.3.6.1.4.1.14519.5.2.1.328191447103496096641891853177822630314"", ""1.3.6.1.4.1.14519.5.2.1.182984686210426362541559485038392737232"", ""1.3.6.1.4.1.14519.5.2.1.245297833619656540172624810178878578227"", ""1.3.6.1.4.1.14519.5.2.1.32972522649949259184672670509684209788"", ""1.3.6.1.4.1.14519.5.2.1.712065324292352474364114341722"", ""1.3.6.1.4.1.14519.5.2.1.1.47379642280005324264584295530405490552"", ""1.3.6.1.4.1.14519.5.2.1.1.18257631169789304792154241559195700577""]}"	v24	9	262655744	967	529.2	344
17	"{""SeriesInstanceUIDs"": [""1.3.6.1.4.1.14519.5.2.1.1.42896126568273253937492806140585222063"", ""1.3.6.1.4.1.14519.5.2.1.1.26683611924086583836846805415522119842"", ""1.3.6.1.4.1.14519.5.2.1.1.27759714073557887899164665460835755101"", ""1.3.6.1.4.1.14519.5.2.1.311912846516849706861287190602085341173""]}"	v24	4	276824064	1056	556.8	336
18	"{""SeriesInstanceUIDs"": [""1.3.6.1.4.1.14519.5.2.1.337618385334987052372535477424841795272"", ""1.3.6.1.4.1.14519.5.2.1.1.25517646123325497162029314881360493352"", ""1.3.6.1.4.1.14519.5.2.1.1.23037859113352535110034718130758188675"", ""1.3.6.1.4.1.14519.5.2.1.64583200998145625277172705961196784788"", ""1.3.6.1.4.1.14519.5.2.1.1.33181861795026981136778106192444157342"", ""1.3.6.1.4.1.14519.5.2.1.82543044238682013164335242968599577987"", ""1.3.6.1.4.1.14519.5.2.1.1.19880787319062036613045807811600357355"", ""1.3.6.1.4.1.14519.5.2.1.1.20965205543541807178735964729050520467"", ""1.3.6.1.4.1.14519.5.2.1.127303953783088177178639653728309087767""]}"	v24	9	303300608	1157	610.9	170
19	"{""SeriesInstanceUIDs"": [""1.3.6.1.4.1.14519.5.2.1.247601679566784096556608932465549543945"", ""1.3.6.1.4.1.14519.5.2.1.1260797941628425878013832176807156160"", ""1.3.6.1.4.1.14519.5.2.1.91953589875311371259446931949153196911"", ""1.3.6.1.4.1.14519.5.2.1.1.30230075146740863998897798929496099898"", ""1.3.6.1.4.1.14519.5.2.1.94846366564229330029901478421196038986""]}"	v24	5	294512128	1078	593.3	436
20	"{""SeriesInstanceUIDs"": [""1.3.6.1.4.1.14519.5.2.1.1.4291200191288421572897882305472855560"", ""1.3.6.1.4.1.14519.5.2.1.237110412960705944887155207058446949374"", ""1.3.6.1.4.1.14519.5.2.1.44052326161788299872116899031208005073""]}"	v24	3	293339136	1119	591.5	629
21	"{""SeriesInstanceUIDs"": [""1.3.6.1.4.1.14519.5.2.1.1.21057930909118473276661414082065894790"", ""1.3.6.1.4.1.14519.5.2.1.150469513155179646895707852261030149081"", ""1.3.6.1.4.1.14519.5.2.1.1.20698185180149776590096203508723919989"", ""1.3.6.1.4.1.14519.5.2.1.1.17932063767905127694334435868077798958"", ""1.3.6.1.4.1.14519.5.2.1.241546165040451224422679579756798844407"", ""1.3.6.1.4.1.14519.5.2.1.254412759245013212520272100399175924928"", ""1.3.6.1.4.1.14519.5.2.1.186178430564497783815287193478630944668"", ""1.3.6.1.4.1.14519.5.2.1.125432111031333455900617598812138833660"", ""1.3.6.1.4.1.14519.5.2.1.1.24466694663333010471872020906255587797""]}"	v24	9	292496512	995	588.4	202
22	"{""SeriesInstanceUIDs"": [""1.3.6.1.4.1.14519.5.2.1.1.23052171319028100432127287030257279785"", ""1.3.6.1.4.1.14519.5.2.1.1.33225844980366906776462584749465539956"", ""1.3.6.1.4.1.14519.5.2.1.1.31490206587562131610796474232028385366"", ""1.3.6.1.4.1.14519.5.2.1.1.24055821036867646296564609270056343811"", ""1.3.6.1.4.1.14519.5.2.1.40767453523250215779657608271466804181"", ""1.3.6.1.4.1.14519.5.2.1.106169640122392412201793808641024615369"", ""1.3.6.1.4.1.14519.5.2.1.1.70384148760029628630170825617834053097""]}"	v24	7	263950336	951	531.4	213
23	"{""SeriesInstanceUIDs"": [""1.3.6.1.4.1.14519.5.2.1.1.21787666599590798624202171032302865203"", ""1.3.6.1.4.1.14519.5.2.1.1.18483965551865499398453277270680229821"", ""1.3.6.1.4.1.14519.5.2.1.140901209364807046113858720053203448550"", ""1.3.6.1.4.1.14519.5.2.1.319589379835790918111877943231841423166"", ""1.3.6.1.4.1.14519.5.2.1.239825453455577011365511196798"", ""1.3.6.1.4.1.14519.5.2.1.289414702365753147863791917676106152774""]}"	v24	6	294824960	982	592.9	412
24	"{""SeriesInstanceUIDs"": [""1.3.6.1.4.1.14519.5.2.1.1.31650633180018375816680909563526416710"", ""1.3.6.1.4.1.14519.5.2.1.242282537451231478319338710318943495142"", ""1.3.6.1.4.1.14519.5.2.1.1.47429896087368822010711997879443580287"", ""1.3.6.1.4.1.14519.5.2.1.278560929362877889974704954720790650480"", ""1.3.6.1.4.1.14519.5.2.1.32032101637976803294831709037335577793"", ""1.3.6.1.4.1.14519.5.2.1.269794140883790443084340013536168043646"", ""1.3.6.1.4.1.14519.5.2.1.163042345598720190299782186650601097717"", ""1.3.6.1.4.1.14519.5.2.1.157143377592507800666616669746754690651"", ""1.3.6.1.4.1.14519.5.2.1.68195402223905408934182681149533516891"", ""1.3.6.1.4.1.14519.5.2.1.160966906247193003320427549798324017685""]}"	v24	10	311527424	1160	626.8	216
25	"{""SeriesInstanceUIDs"": [""1.3.6.1.4.1.14519.5.2.1.339854077180917273268250093724742857660"", ""1.3.6.1.4.1.14519.5.2.1.1.24269206054241593117733624590094218650"", ""1.3.6.1.4.1.14519.5.2.1.66649546544096016419523972190458651251"", ""1.3.6.1.4.1.14519.5.2.1.1.20170219500834370347493427733429225057"", ""1.3.6.1.4.1.14519.5.2.1.1.33573338851991666307465370876940965420"", ""1.3.6.1.4.1.14519.5.2.1.298626045334759761281863964247336769046"", ""1.3.6.1.4.1.14519.5.2.1.108786950073884345024850084984111851234"", ""1.3.6.1.4.1.14519.5.2.1.200665579881756397970368284277318432730"", ""1.3.6.1.4.1.14519.5.2.1.1427.3349.341219172626478111181570898529"", ""1.3.6.1.4.1.14519.5.2.1.6450.2626.283271425809761560802148608862""]}"	v24	10	265717248	916	534.8	193
26	"{""SeriesInstanceUIDs"": [""1.3.6.1.4.1.14519.5.2.1.6450.2626.150080986741932875423368649977"", ""1.3.6.1.4.1.14519.5.2.1.6450.2626.806376379393122572012545338624"", ""1.3.6.1.4.1.14519.5.2.1.6450.2626.621848376095075026068298245047"", ""1.3.6.1.4.1.14519.5.2.1.6450.2626.721846106867053149630102070943"", ""1.3.6.1.4.1.14519.5.2.1.6450.2626.191408692797712082869654195604"", ""1.3.6.1.4.1.14519.5.2.1.6450.2626.114038257789527733964474633601""]}"	v24	6	236453888	902	476.7	396
27	"{""SeriesInstanceUIDs"": [""1.3.6.1.4.1.14519.5.2.1.6450.2626.267845940569468452412612829107"", ""1.3.6.1.4.1.14519.5.2.1.237171806990430081986286573998653861792"", ""1.3.6.1.4.1.14519.5.2.1.211008142524560003951886355912626063954"", ""1.3.6.1.4.1.14519.5.2.1.190738758608436907826741043480210378147"", ""1.3.6.1.4.1.14519.5.2.1.2857.3304.251504469420942685189666680104"", ""1.3.6.1.4.1.14519.5.2.1.7085.2626.240369248030371145534803290408"", ""1.3.6.1.4.1.14519.5.2.1.3320.3273.156094327567545118484994451251""]}"	v24	7	278775104	969	561.9	253
28	"{""SeriesInstanceUIDs"": [""1.3.6.1.4.1.14519.5.2.1.2932.1975.106756844835533656529983969250""]}"	v24	1	204996608	782	412.4	782
29	"{""SeriesInstanceUIDs"": [""1.3.6.1.4.1.14519.5.2.1.3320.3273.203826671965686165578618969882"", ""1.3.6.1.4.1.14519.5.2.1.3320.3273.312070996386544313891914049239"", ""1.3.6.1.4.1.14519.5.2.1.3320.3273.255689725761567654962347000997""]}"	v24	3	305922048	1167	615.9	495
30	"{""SeriesInstanceUIDs"": [""1.3.6.1.4.1.14519.5.2.1.3320.3273.520394473316421428578404793774"", ""1.3.6.1.4.1.14519.5.2.1.3320.3273.244629513270671388275890790401"", ""1.3.6.1.4.1.14519.5.2.1.3320.3273.305119060012316454261742499793"", ""1.3.6.1.4.1.14519.5.2.1.3320.3273.884477704810589822195651111864""]}"	v24	4	240123904	916	483.3	503
31	"{""SeriesInstanceUIDs"": [""1.3.6.1.4.1.14519.5.2.1.3320.3273.831065587879893843283735365010"", ""1.3.6.1.4.1.14519.5.2.1.3320.3273.115483888837173222953100114900"", ""1.3.6.1.4.1.14519.5.2.1.3320.3273.865562650966317615534062854390"", ""1.3.6.1.4.1.14519.5.2.1.3320.3273.159347747980897769862689962232"", ""1.3.6.1.4.1.14519.5.2.1.4801.5885.167010801753318846504343298567"", ""1.3.6.1.4.1.14519.5.2.1.4801.5885.339106436526267963147865977129""]}"	v24	6	280494080	1070	565.1	304
32	"{""SeriesInstanceUIDs"": [""1.3.6.1.4.1.14519.5.2.1.3320.3273.250200284425048012810984538443"", ""1.3.6.1.4.1.14519.5.2.1.7085.2626.278409639046535959242494958052"", ""1.3.6.1.4.1.14519.5.2.1.7085.2626.302526177505011049409487390572"", ""1.3.6.1.4.1.14519.5.2.1.2857.3159.764225586544302758289280296197"", ""1.3.6.1.4.1.14519.5.2.1.3320.3273.203217459941455840863368045673""]}"	v24	5	159907840	610	321.9	228
33	"{""SeriesInstanceUIDs"": [""1.3.6.1.4.1.14519.5.2.1.3320.3273.265219228892235324288549536278"", ""1.3.6.1.4.1.14519.5.2.1.2932.1975.186320384933119152505528037802"", ""1.3.6.1.4.1.14519.5.2.1.2932.1975.269258857288458550922756052342""]}"	v24	3	309592064	1181	623.2	885
34	"{""SeriesInstanceUIDs"": [""1.3.6.1.4.1.14519.5.2.1.2932.1975.304245296076297255392925928948"", ""1.3.6.1.4.1.14519.5.2.1.3320.3273.216083731978528151846607648117"", ""1.3.6.1.4.1.14519.5.2.1.3320.3273.162171181151012153661420105500"", ""1.3.6.1.4.1.14519.5.2.1.4801.5885.246573176093032448887215728125""]}"	v24	4	257425408	982	519.3	563
35	"{""SeriesInstanceUIDs"": [""1.3.6.1.4.1.14519.5.2.1.4801.5885.147975001059227642571102900673"", ""1.3.6.1.4.1.14519.5.2.1.4801.5885.113884838686340531426541864075"", ""1.3.6.1.4.1.14519.5.2.1.3320.3273.603812181914165729383655141220"", ""1.3.6.1.4.1.14519.5.2.1.2932.1975.263879183590429812524661596864"", ""1.3.6.1.4.1.14519.5.2.1.3320.3273.931706046404928248503343914500"", ""1.3.6.1.4.1.14519.5.2.1.2857.5885.906267766834822203914369832116""]}"	v24	6	273213920	746	548.8	251
36	"{""SeriesInstanceUIDs"": [""1.3.6.1.4.1.14519.5.2.1.2857.5885.220392414071708271991466640385"", ""1.3.6.1.4.1.14519.5.2.1.1427.5885.108887003869590585195981735716"", ""1.3.6.1.4.1.14519.5.2.1.1427.5885.199415596728615970016591809747"", ""1.3.6.1.4.1.14519.5.2.1.4320.5885.101839196455054321363367605040"", ""1.3.6.1.4.1.14519.5.2.1.4320.5885.273472054323710345523550410419"", ""1.3.6.1.4.1.14519.5.2.1.4320.5885.160304984972522720334727096658"", ""1.3.6.1.4.1.14519.5.2.1.7085.2626.386536609837235111399493634163""]}"	v24	7	305231872	1091	614.7	281
37	"{""SeriesInstanceUIDs"": [""1.3.6.1.4.1.14519.5.2.1.3320.3273.164776163136916365621928035448"", ""1.3.6.1.4.1.14519.5.2.1.4801.5885.219291053252147396105775551186"", ""1.3.6.1.4.1.14519.5.2.1.4801.5885.288284175494832940266795848214""]}"	v24	3	127401984	486	257.0	240
38	"{""SeriesInstanceUIDs"": [""1.3.6.1.4.1.14519.5.2.1.2932.1975.134591547540937065322095883563""]}"	v24	1	259522560	440	520.4	440
39	"{""SeriesInstanceUIDs"": [""1.3.6.1.4.1.14519.5.2.1.2932.1975.319738355605489346002421981300"", ""1.3.6.1.4.1.14519.5.2.1.7085.5885.265283649568652998885984796148""]}"	v24	2	170393600	650	343.2	540
40	"{""SeriesInstanceUIDs"": [""1.3.6.1.4.1.14519.5.2.1.4801.5885.985997402224556423098599299358"", ""1.3.6.1.4.1.14519.5.2.1.4801.5885.427154622976849553012778113457""]}"	v24	2	223882672	464	449.3	233
41	"{""SeriesInstanceUIDs"": [""1.3.6.1.4.1.14519.5.2.1.2932.1975.174016338448086874719333238202"", ""1.3.6.1.4.1.14519.5.2.1.1078.3273.105137897300498965578123499293""]}"	v24	2	304873472	538	611.4	500
42	"{""SeriesInstanceUIDs"": [""1.3.6.1.4.1.14519.5.2.1.1078.3273.280161638563292207369550872092"", ""1.3.6.1.4.1.14519.5.2.1.1078.3273.188299402934654937957736326738"", ""1.3.6.1.4.1.14519.5.2.1.1078.3273.114687361666119786109153935110"", ""1.3.6.1.4.1.14519.5.2.1.1078.3273.199665919254862837819810722549"", ""1.3.6.1.4.1.14519.5.2.1.1078.3273.266637006359890695546741377528"", ""1.3.6.1.4.1.14519.5.2.1.1078.3273.208213179577740249754676607807""]}"	v24	6	238026752	908	480.5	346
43	"{""SeriesInstanceUIDs"": [""1.3.6.1.4.1.14519.5.2.1.1078.3273.295450725282585777200166644153"", ""1.3.6.1.4.1.14519.5.2.1.1078.3273.275303419033168948795184583244"", ""1.3.6.1.4.1.14519.5.2.1.1427.3273.524335719231376676691436250435"", ""1.3.6.1.4.1.14519.5.2.1.1078.3707.235061367767407402656922307695"", ""1.3.6.1.4.1.14519.5.2.1.1078.3707.544393520846059480974859888494""]}"	v24	5	310640640	1185	627.2	492
44	"{""SeriesInstanceUIDs"": [""1.3.6.1.4.1.14519.5.2.1.3320.3273.150078899812542799732858136931"", ""1.3.6.1.4.1.14519.5.2.1.3320.3273.190219441589173127283528963657""]}"	v24	2	287834112	1098	579.9	963
45	"{""SeriesInstanceUIDs"": [""1.3.6.1.4.1.14519.5.2.1.3320.3273.840742147390892579015461325222"", ""1.3.6.1.4.1.14519.5.2.1.3320.3273.288692434131184663531582225026"", ""1.3.6.1.4.1.14519.5.2.1.3320.3273.230723047620553328978170062982"", ""1.3.6.1.4.1.14519.5.2.1.3320.3273.194485831632775639144630354444"", ""1.3.6.1.4.1.14519.5.2.1.7085.3273.191930582471328173973178449409"", ""1.3.6.1.4.1.14519.5.2.1.7085.2626.248990602677758854618262117868"", ""1.3.6.1.4.1.14519.5.2.1.4801.5885.814309110491986086978755875100""]}"	v24	7	212074496	809	427.0	399
46	"{""SeriesInstanceUIDs"": [""1.3.6.1.4.1.14519.5.2.1.3320.3273.369815723860519630686719054019"", ""1.3.6.1.4.1.14519.5.2.1.3320.3273.497626715975535302636963626922"", ""1.3.6.1.4.1.14519.5.2.1.2932.1975.137197854902298966415773333445""]}"	v24	3	309027500	1140	621.4	631
47	"{""SeriesInstanceUIDs"": [""1.3.6.1.4.1.14519.5.2.1.3320.3273.178299816743119604143507382744""]}"	v24	1	70516736	269	142.0	269
48	"{""SeriesInstanceUIDs"": [""1.3.6.1.4.1.14519.5.2.1.2932.1975.294147328300990183271484548866""]}"	v24	1	286654464	486	574.7	486
49	"{""SeriesInstanceUIDs"": [""1.3.6.1.4.1.14519.5.2.1.2099.3754.239579870472727270802332548056""]}"	v24	1	203423744	776	409.1	776
50	"{""SeriesInstanceUIDs"": [""1.3.6.1.4.1.14519.5.2.1.2099.3754.995333505799141722771147298629"", ""1.3.6.1.4.1.14519.5.2.1.1078.3754.288003941317721604637400217748"", ""1.3.6.1.4.1.14519.5.2.1.4221.3754.300450458912349548321158983008"", ""1.3.6.1.4.1.14519.5.2.1.6450.2626.123007333939987991187520058776"", ""1.3.6.1.4.1.14519.5.2.1.6450.2626.137996022664530941095064206047"", ""1.3.6.1.4.1.14519.5.2.1.6450.2626.206626914317976412344638497210"", ""1.3.6.1.4.1.14519.5.2.1.1427.3273.112471757718047053580024344999""]}"	v24	7	300928512	1119	605.9	532
51	"{""SeriesInstanceUIDs"": [""1.3.6.1.4.1.14519.5.2.1.306438034061104828163299494729950182902"", ""1.3.6.1.4.1.14519.5.2.1.62142467323605237784770516904000895215"", ""1.3.6.1.4.1.14519.5.2.1.245704401549769576754476477927268798179"", ""1.3.6.1.4.1.14519.5.2.1.112948120307627841506048395084333796842"", ""1.3.6.1.4.1.14519.5.2.1.71723873150666650936131334110897642540""]}"	v24	5	239805952	809	483.0	314
52	"{""SeriesInstanceUIDs"": [""1.3.6.1.4.1.14519.5.2.1.166946264957098981808280900488558104848"", ""1.3.6.1.4.1.14519.5.2.1.163187964820539392935122708463310244598"", ""1.3.6.1.4.1.14519.5.2.1.1427.3273.496272568993026515858883923356"", ""1.3.6.1.4.1.14519.5.2.1.249747234475942834682299784244177066122"", ""1.3.6.1.4.1.14519.5.2.1.12363763578996894887225132720272732903"", ""1.3.6.1.4.1.14519.5.2.1.39259777678200137059835826187434558013"", ""1.3.6.1.4.1.14519.5.2.1.4801.2626.290028959625470204870593867916""]}"	v24	7	304316928	1116	613.3	309
53	"{""SeriesInstanceUIDs"": [""1.3.6.1.4.1.14519.5.2.1.4801.2626.174781379561670216387121433330"", ""1.3.6.1.4.1.14519.5.2.1.3320.3273.116420966559542364562864037285"", ""1.3.6.1.4.1.14519.5.2.1.3320.3273.261633193109177324242134988905"", ""1.3.6.1.4.1.14519.5.2.1.3320.3273.716888949184097095347965895655"", ""1.3.6.1.4.1.14519.5.2.1.2932.1975.300655352220655674038538538060"", ""1.3.6.1.4.1.14519.5.2.1.3320.3273.289485729673472822035141123349"", ""1.3.6.1.4.1.14519.5.2.1.3320.3273.148654260493210832272217573207""]}"	v24	7	303038464	1156	610.0	739
54	"{""SeriesInstanceUIDs"": [""1.3.6.1.4.1.14519.5.2.1.3320.3273.205220339654510774842574390623"", ""1.3.6.1.4.1.14519.5.2.1.3320.3273.250119245171755294268939854905"", ""1.3.6.1.4.1.14519.5.2.1.3320.3273.181095637365899254525689652888"", ""1.3.6.1.4.1.14519.5.2.1.3320.3273.986217647749901183610344754237"", ""1.3.6.1.4.1.14519.5.2.1.3320.3273.296712862873303578054338546518"", ""1.3.6.1.4.1.14519.5.2.1.7085.2626.175983909800082543172686238818"", ""1.3.6.1.4.1.14519.5.2.1.7085.2626.305388984280460946361929178734"", ""1.3.6.1.4.1.14519.5.2.1.7085.2626.143613631559674669124433776383""]}"	v24	8	256664576	929	516.8	273
55	"{""SeriesInstanceUIDs"": [""1.3.6.1.4.1.14519.5.2.1.3320.3273.950471941793533089713283844692"", ""1.3.6.1.4.1.14519.5.2.1.3320.3273.901023805562876774388323063710"", ""1.3.6.1.4.1.14519.5.2.1.3320.2626.290080077266211725874781752281"", ""1.3.6.1.4.1.14519.5.2.1.4801.5885.123301754313855310838744886785"", ""1.3.6.1.4.1.14519.5.2.1.3320.3273.900001125079954270329219304716""]}"	v24	5	245104640	935	493.7	344
