Structure,SegmentedPropertyCategoryCodeSequence.CodingSchemeDesignator,SegmentedPropertyCategoryCodeSequence.CodeValue,SegmentedPropertyCategoryCodeSequence.CodeMeaning,SegmentedPropertyTypeCodeSequence.CodingSchemeDesignator,SegmentedPropertyTypeCodeSequence.CodeValue,SegmentedPropertyTypeCodeSequence.CodeMeaning,SegmentedPropertyTypeModifierCodeSequence.CodingSchemeDesignator,SegmentedPropertyTypeModifierCodeSequence.CodeValue,SegmentedPropertyTypeModifierCodeSequence.CodeMeaning,AnatomicRegionSequence.CodingSchemeDesignator,AnatomicRegionSequence.CodeValue,AnatomicRegionSequence.CodeMeaning,AnatomicRegionModifierSequence.CodingSchemeDesignator,AnatomicRegionModifierSequence.CodeValue,AnatomicRegionModifierSequence.CodeMeaning,DicomRGBColor
gluteus_maximus_left,SCT,123037004,Anatomical Structure,SCT,206007,Gluteus maximus muscle,SCT,7771000,Left,,,,,,,"253,115,34"
gluteus_maximus_right,SCT,123037004,Anatomical Structure,SCT,206007,Gluteus maximus muscle,SCT,24028007,Right,,,,,,,"187,85,26"
gluteus_minimus_left,SCT,123037004,Anatomical Structure,SCT,75297007,Gluteus minimus muscle,SCT,7771000,Left,,,,,,,"255,138,57"
gluteus_minimus_right,SCT,123037004,Anatomical Structure,SCT,75297007,Gluteus minimus muscle,SCT,24028007,Right,,,,,,,"204,102,42"
subclavian_artery_right,SCT,123037004,Anatomical Structure,SCT,36765005,Subclavian artery,SCT,24028007,Right,,,,,,,"162,26,26"
subclavian_artery_left,SCT,123037004,Anatomical Structure,SCT,36765005,Subclavian artery,SCT,7771000,Left,,,,,,,"218,34,34"
kidney_cyst_left,SCT,49755003,Morphologically Abnormal Structure,SCT,367643001,Cyst,,,,SCT,64033007,Kidney,SCT,7771000,Left,"83,175,221"
kidney_cyst_right,SCT,49755003,Morphologically Abnormal Structure,SCT,367643001,Cyst,,,,SCT,64033007,Kidney,SCT,24028007,Right,"71,139,173"
lung_covid_infiltrate,SCT,49755003,Morphologically Abnormal Structure,SCT,47351003,Infiltrate,SCT,840539006,COVID-19,SCT,39607008,Lung,,,,"255,90,0"
intracerebral_hemorrhage,SCT,49755003,Morphologically Abnormal Structure,SCT,50960005,Hemorrhage,,,,SCT,12738006,Brain,,,,"220,0,0"
gluteus_maximus,SCT,123037004,Anatomical Structure,SCT,206007,Gluteus maximus muscle,,,,,,,,,,"220,100,30"
gluteus_minimus,SCT,123037004,Anatomical Structure,SCT,75297007,Gluteus minimus muscle,,,,,,,,,,"240,120,50"
pleural_effusion,SCT,49755003,Morphologically Abnormal Structure,SCT,41699000,Effusion,,,,SCT,91381003,Pleural cavity,,,,"0,210,255"
pericardial_effusion,SCT,49755003,Morphologically Abnormal Structure,SCT,41699000,Effusion,,,,SCT,25489000,Pericardial cavity,,,,"0,200,255"
liver_tumor,SCT,49755003,Morphologically Abnormal Structure,SCT,108369006,Neoplasm,,,,SCT,10200004,Liver,,,,"255,0,200"
lung_airways,SCT,123037004,Anatomical Structure,SCT,110726009,Trachea and bronchus,,,,SCT,39607008,Lung,,,,"190,190,190"
lung_airways_wall,SCT,123037004,Anatomical Structure,SCT,110726009,Trachea and bronchus,,,,SCT,39607008,Lung,,,,"145,145,145"
lung_arteries,SCT,123037004,Anatomical Structure,SCT,81040000,Pulmonary artery,,,,SCT,39607008,Lung,,,,"216,101,79"
lung_veins,SCT,123037004,Anatomical Structure,SCT,122972007,Pulmonary vein,,,,SCT,39607008,Lung,,,,"0,122,171"
